{"mean":{"confidence_interval":{"confidence_level":0.95,"lower_bound":531887329.15,"upper_bound":576633138.355},"point_estimate":551288632.7666667,"standard_error":11586109.1776211},"median":{"confidence_interval":{"confidence_level":0.95,"lower_bound":523743553.6666667,"upper_bound":567323595.5},"point_estimate":538930999.5833334,"standard_error":10869432.300983112},"median_abs_dev":{"confidence_interval":{"confidence_level":0.95,"lower_bound":4518897.385023593,"upper_bound":50378776.26339792},"point_estimate":25114443.93852952,"standard_error":12368273.811258916},"slope":null,"std_dev":{"confidence_interval":{"confidence_level":0.95,"lower_bound":11141400.469308054,"upper_bound":54490345.03949365},"point_estimate":38533512.49387262,"standard_error":12056735.722670265}}