{"mean":{"confidence_interval":{"confidence_level":0.95,"lower_bound":-0.1467565085095797,"upper_bound":-0.09141327957561586},"point_estimate":-0.11994524086306158,"standard_error":0.014146189932148152},"median":{"confidence_interval":{"confidence_level":0.95,"lower_bound":-0.15913462659739674,"upper_bound":-0.07315110104930855},"point_estimate":-0.13020850877966528,"standard_error":0.022442823656086703}}