{"mean":{"confidence_interval":{"confidence_level":0.95,"lower_bound":0.08576830002661753,"upper_bound":0.15712596761675343},"point_estimate":0.1158013624406502,"standard_error":0.01807680155679812},"median":{"confidence_interval":{"confidence_level":0.95,"lower_bound":0.08011007862868547,"upper_bound":0.14025231658685566},"point_estimate":0.09026955605684472,"standard_error":0.0178266255439012}}