{"mean":{"confidence_interval":{"confidence_level":0.95,"lower_bound":1314083132.25,"upper_bound":1480461769.2225},"point_estimate":1389083035.8,"standard_error":42769039.98438153},"median":{"confidence_interval":{"confidence_level":0.95,"lower_bound":1287706614.75,"upper_bound":1500614461.25},"point_estimate":1340212951.0,"standard_error":42980044.734384045},"median_abs_dev":{"confidence_interval":{"confidence_level":0.95,"lower_bound":22395113.30525726,"upper_bound":207467080.97862303},"point_estimate":74030717.48864204,"standard_error":44436383.02868267},"slope":null,"std_dev":{"confidence_interval":{"confidence_level":0.95,"lower_bound":41119396.23863862,"upper_bound":181618231.58119416},"point_estimate":142672066.65127322,"standard_error":36756843.42959723}}