{"mean":{"confidence_interval":{"confidence_level":0.95,"lower_bound":-0.04101602579538644,"upper_bound":0.07085551868914317},"point_estimate":0.0029295299833120847,"standard_error":0.030981729726613078},"median":{"confidence_interval":{"confidence_level":0.95,"lower_bound":-0.04770876396699775,"upper_bound":0.00015898941782621634},"point_estimate":-0.04298681525228032,"standard_error":0.012272247521922628}}