{"mean":{"confidence_interval":{"confidence_level":0.95,"lower_bound":0.0332387158421247,"upper_bound":0.17310599201432195},"point_estimate":0.1015929794048549,"standard_error":0.03570504524675192},"median":{"confidence_interval":{"confidence_level":0.95,"lower_bound":-0.0002543518817745838,"upper_bound":0.21121516852979894},"point_estimate":0.10115610038833234,"standard_error":0.0627471466301018}}