{"mean":{"confidence_interval":{"confidence_level":0.95,"lower_bound":-0.008340697004537838,"upper_bound":0.03077142536103361},"point_estimate":0.01091709775108507,"standard_error":0.0099359162430945},"median":{"confidence_interval":{"confidence_level":0.95,"lower_bound":-0.01990410325905778,"upper_bound":0.03523751258162089},"point_estimate":0.01128217510988927,"standard_error":0.014363908634637764}}