{"mean":{"confidence_interval":{"confidence_level":0.95,"lower_bound":-0.022022903087509378,"upper_bound":0.008209544783116536},"point_estimate":-0.006517514016820991,"standard_error":0.007760716110502222},"median":{"confidence_interval":{"confidence_level":0.95,"lower_bound":-0.03661027838710329,"upper_bound":0.014800742833601666},"point_estimate":-0.005094580207231969,"standard_error":0.01352666376845127}}