{"mean":{"confidence_interval":{"confidence_level":0.95,"lower_bound":0.0035845831990407627,"upper_bound":0.0988722756875739},"point_estimate":0.045998475250248916,"standard_error":0.02488596463937525},"median":{"confidence_interval":{"confidence_level":0.95,"lower_bound":-0.02441515564678587,"upper_bound":0.0888962116652594},"point_estimate":0.023731786154520762,"standard_error":0.028754838285991288}}