{"mean":{"confidence_interval":{"confidence_level":0.95,"lower_bound":-0.021998442749721694,"upper_bound":0.14422044341551496},"point_estimate":0.04266091386818838,"standard_error":0.04674477913130258},"median":{"confidence_interval":{"confidence_level":0.95,"lower_bound":-0.03015728496338066,"upper_bound":0.04056060135875839},"point_estimate":-0.02029964855951083,"standard_error":0.032148515218375306}}