{"mean":{"confidence_interval":{"confidence_level":0.95,"lower_bound":-0.1855004290721923,"upper_bound":-0.11025475739307546},"point_estimate":-0.14804715720624861,"standard_error":0.019212835499253452},"median":{"confidence_interval":{"confidence_level":0.95,"lower_bound":-0.17461204629760685,"upper_bound":-0.10326074440956667},"point_estimate":-0.1288855220876607,"standard_error":0.018698927495394514}}