{"mean":{"confidence_interval":{"confidence_level":0.95,"lower_bound":-0.05050094578436826,"upper_bound":0.10444379395708475},"point_estimate":0.027491601113049935,"standard_error":0.04016683555711574},"median":{"confidence_interval":{"confidence_level":0.95,"lower_bound":-0.07988277353746653,"upper_bound":0.08358141906923211},"point_estimate":0.030457550645381914,"standard_error":0.043654771159468905}}