{"mean":{"confidence_interval":{"confidence_level":0.95,"lower_bound":1376517791.5475001,"upper_bound":1518637329.75},"point_estimate":1445325288.7,"standard_error":36361940.89297697},"median":{"confidence_interval":{"confidence_level":0.95,"lower_bound":1337892656.75,"upper_bound":1539991860.0},"point_estimate":1421355286.75,"standard_error":71973252.52597827},"median_abs_dev":{"confidence_interval":{"confidence_level":0.95,"lower_bound":4172820.621317625,"upper_bound":219176348.30189198},"point_estimate":148641550.03083497,"standard_error":58480250.86540468},"slope":null,"std_dev":{"confidence_interval":{"confidence_level":0.95,"lower_bound":76872943.6777169,"upper_bound":144875827.583318},"point_estimate":120122851.16334777,"standard_error":17990821.826932877}}